{"count":1,"self":6.2265432,"total":6.686395,"children":{"InitializeActuators":{"count":1,"self":0.001843,"total":0.001843,"children":null},"InitializeSensors":{"count":1,"self":0.0058119999999999995,"total":0.0058119999999999995,"children":null},"AgentSendState":{"count":18,"self":0.0044599999999999996,"total":0.390106,"children":{"CollectObservations":{"count":18,"self":5.9999999999999995E-05,"total":5.9999999999999995E-05,"children":null},"WriteActionMask":{"count":18,"self":0.000274,"total":0.000274,"children":null},"RequestDecision":{"count":18,"self":0.011493,"total":0.385312,"children":{"AgentInfo.ToProto":{"count":18,"self":0.001299,"total":0.37381899999999996,"children":{"GenerateSensorData":{"count":18,"self":0.009439,"total":0.37251999999999996,"children":{"CameraSensor.GetCompressedObservation":{"count":36,"self":0.362361,"total":0.362361,"children":null},"RayPerceptionSensor.Perceive":{"count":36,"self":0.00071999999999999994,"total":0.00071999999999999994,"children":null}}}}}}}}},"DecideAction":{"count":18,"self":0.060682999999999994,"total":0.060682999999999994,"children":null},"AgentAct":{"count":18,"self":0.0013859999999999999,"total":0.0013859999999999999,"children":null}},"gauges":{},"metadata":{"timer_format_version":"0.1.0","start_time_seconds":"1632335181","unity_version":"2020.3.14f1","command_line_arguments":"\/Applications\/Unity\/Hub\/Editor\/2019.4.8f1\/2020.3.14f1\/Unity.app\/Contents\/MacOS\/Unity -projectpath \/Users\/timcsy\/Programing\/Projects\/PAIA\/GameAI\/Kart -useHub -hubIPC -cloudEnvironment production -hubSessionId 22204cb0-1bb7-11ec-9e09-311a6273b23c -accessToken 1AjXaTlCdSEoE0RMvi7U7bQ7QQn0cwq7tXCaF-Dw2ok011f","communication_protocol_version":"1.5.0","com.unity.ml-agents_version":"2.0.0","scene_name":"MainScene","end_time_seconds":"1632335188"}}